,0
0,0.0
1,10.0
2,115.0
3,120.0
4,125.0
5,140.0
6,145.0
7,15.0
8,150.0
9,160.0
10,165.0
11,170.0
12,175.0
13,180.0
14,185.0
15,20.0
16,210.0
17,215.0
18,225.0
19,230.0
20,240.0
21,245.0
22,250.0
23,255.0
24,260.0
25,265.0
26,270.0
27,275.0
28,290.0
29,295.0
30,30.0
31,300.0
32,310.0
33,315.0
34,320.0
35,325.0
36,330.0
37,335.0
38,340.0
39,35.0
40,350.0
41,355.0
42,55.0
43,60.0
44,65.0
45,70.0
46,80.0
47,85.0
48,90.0
49,95.0
50,0.0
51,10.0
52,100.0
53,105.0
54,110.0
55,115.0
56,120.0
57,130.0
58,135.0
59,140.0
60,145.0
61,150.0
62,155.0
63,160.0
64,170.0
65,175.0
66,180.0
67,195.0
68,200.0
69,210.0
70,215.0
71,220.0
72,245.0
73,25.0
74,250.0
75,255.0
76,260.0
77,270.0
78,275.0
79,280.0
80,285.0
81,290.0
82,295.0
83,30.0
84,300.0
85,305.0
86,310.0
87,320.0
88,345.0
89,35.0
90,350.0
91,355.0
92,40.0
93,45.0
94,50.0
95,60.0
96,65.0
97,70.0
98,90.0
99,95.0
100,100.0
101,110.0
102,115.0
103,135.0
104,140.0
105,145.0
106,15.0
107,150.0
108,155.0
109,160.0
110,165.0
111,175.0
112,180.0
113,190.0
114,195.0
115,200.0
116,205.0
117,210.0
118,215.0
119,225.0
120,240.0
121,245.0
122,25.0
123,250.0
124,265.0
125,280.0
126,285.0
127,290.0
128,295.0
129,300.0
130,305.0
131,310.0
132,325.0
133,330.0
134,335.0
135,345.0
136,35.0
137,350.0
138,355.0
139,40.0
140,45.0
141,5.0
142,50.0
143,60.0
144,65.0
145,70.0
146,75.0
147,80.0
148,90.0
149,95.0
150,0.0
151,10.0
152,100.0
153,105.0
154,110.0
155,115.0
156,120.0
157,125.0
158,130.0
159,135.0
160,140.0
161,145.0
162,155.0
163,170.0
164,175.0
165,190.0
166,195.0
167,20.0
168,200.0
169,210.0
170,215.0
171,220.0
172,25.0
173,250.0
174,255.0
175,260.0
176,265.0
177,270.0
178,280.0
179,285.0
180,290.0
181,295.0
182,30.0
183,300.0
184,310.0
185,325.0
186,340.0
187,345.0
188,35.0
189,350.0
190,355.0
191,40.0
192,45.0
193,50.0
194,60.0
195,65.0
196,70.0
197,75.0
198,80.0
199,95.0
200,0.0
201,10.0
202,105.0
203,110.0
204,115.0
205,130.0
206,145.0
207,15.0
208,160.0
209,170.0
210,180.0
211,185.0
212,190.0
213,195.0
214,210.0
215,215.0
216,220.0
217,225.0
218,230.0
219,235.0
220,245.0
221,25.0
222,250.0
223,255.0
224,260.0
225,270.0
226,280.0
227,285.0
228,290.0
229,295.0
230,30.0
231,315.0
232,325.0
233,330.0
234,340.0
235,345.0
236,35.0
237,350.0
238,355.0
239,40.0
240,45.0
241,5.0
242,50.0
243,55.0
244,60.0
245,65.0
246,70.0
247,75.0
248,85.0
249,95.0
250,10.0
251,100.0
252,110.0
253,125.0
254,130.0
255,135.0
256,140.0
257,145.0
258,150.0
259,155.0
260,160.0
261,165.0
262,170.0
263,185.0
264,20.0
265,200.0
266,205.0
267,210.0
268,215.0
269,225.0
270,230.0
271,235.0
272,245.0
273,250.0
274,260.0
275,265.0
276,280.0
277,285.0
278,290.0
279,295.0
280,30.0
281,300.0
282,320.0
283,325.0
284,335.0
285,340.0
286,345.0
287,35.0
288,350.0
289,355.0
290,45.0
291,5.0
292,50.0
293,55.0
294,60.0
295,70.0
296,80.0
297,85.0
298,90.0
299,95.0
300,0.0
301,10.0
302,105.0
303,110.0
304,115.0
305,125.0
306,130.0
307,135.0
308,140.0
309,150.0
310,155.0
311,160.0
312,165.0
313,180.0
314,195.0
315,20.0
316,205.0
317,215.0
318,220.0
319,225.0
320,235.0
321,240.0
322,25.0
323,250.0
324,255.0
325,260.0
326,265.0
327,275.0
328,285.0
329,30.0
330,300.0
331,305.0
332,315.0
333,320.0
334,325.0
335,330.0
336,335.0
337,340.0
338,345.0
339,350.0
340,355.0
341,40.0
342,45.0
343,5.0
344,55.0
345,65.0
346,75.0
347,80.0
348,85.0
349,90.0
350,0.0
351,10.0
352,100.0
353,110.0
354,115.0
355,120.0
356,125.0
357,135.0
358,140.0
359,145.0
360,15.0
361,165.0
362,175.0
363,180.0
364,185.0
365,195.0
366,20.0
367,200.0
368,205.0
369,210.0
370,215.0
371,220.0
372,225.0
373,230.0
374,235.0
375,240.0
376,250.0
377,255.0
378,260.0
379,270.0
380,275.0
381,280.0
382,290.0
383,295.0
384,30.0
385,300.0
386,310.0
387,315.0
388,325.0
389,330.0
390,335.0
391,340.0
392,350.0
393,40.0
394,5.0
395,60.0
396,70.0
397,75.0
398,80.0
399,95.0
400,0.0
401,10.0
402,100.0
403,110.0
404,125.0
405,135.0
406,140.0
407,145.0
408,15.0
409,150.0
410,160.0
411,165.0
412,170.0
413,180.0
414,185.0
415,195.0
416,20.0
417,200.0
418,205.0
419,210.0
420,215.0
421,220.0
422,225.0
423,235.0
424,240.0
425,245.0
426,25.0
427,250.0
428,260.0
429,265.0
430,285.0
431,290.0
432,295.0
433,30.0
434,300.0
435,310.0
436,340.0
437,345.0
438,35.0
439,350.0
440,355.0
441,40.0
442,50.0
443,55.0
444,60.0
445,75.0
446,80.0
447,85.0
448,90.0
449,95.0
450,0.0
451,100.0
452,105.0
453,115.0
454,120.0
455,125.0
456,130.0
457,140.0
458,15.0
459,155.0
460,160.0
461,165.0
462,175.0
463,180.0
464,185.0
465,190.0
466,20.0
467,200.0
468,205.0
469,220.0
470,230.0
471,235.0
472,240.0
473,245.0
474,25.0
475,250.0
476,255.0
477,260.0
478,275.0
479,280.0
480,285.0
481,290.0
482,30.0
483,300.0
484,305.0
485,310.0
486,315.0
487,325.0
488,335.0
489,340.0
490,35.0
491,355.0
492,40.0
493,45.0
494,5.0
495,50.0
496,70.0
497,75.0
498,85.0
499,90.0
500,10.0
501,100.0
502,105.0
503,120.0
504,125.0
505,140.0
506,145.0
507,15.0
508,155.0
509,160.0
510,170.0
511,175.0
512,180.0
513,190.0
514,20.0
515,200.0
516,210.0
517,215.0
518,220.0
519,225.0
520,230.0
521,235.0
522,240.0
523,245.0
524,250.0
525,255.0
526,260.0
527,270.0
528,280.0
529,285.0
530,290.0
531,295.0
532,30.0
533,300.0
534,310.0
535,315.0
536,325.0
537,335.0
538,340.0
539,35.0
540,350.0
541,355.0
542,40.0
543,50.0
544,65.0
545,70.0
546,80.0
547,85.0
548,90.0
549,95.0
550,0.0
551,10.0
552,100.0
553,105.0
554,110.0
555,115.0
556,120.0
557,130.0
558,140.0
559,15.0
560,155.0
561,160.0
562,165.0
563,175.0
564,180.0
565,185.0
566,190.0
567,195.0
568,20.0
569,200.0
570,215.0
571,220.0
572,225.0
573,235.0
574,240.0
575,245.0
576,250.0
577,260.0
578,265.0
579,270.0
580,275.0
581,280.0
582,290.0
583,30.0
584,300.0
585,305.0
586,310.0
587,325.0
588,330.0
589,340.0
590,345.0
591,355.0
592,45.0
593,50.0
594,65.0
595,70.0
596,75.0
597,80.0
598,90.0
599,95.0
600,0.0
601,10.0
602,100.0
603,105.0
604,110.0
605,120.0
606,125.0
607,130.0
608,135.0
609,140.0
610,145.0
611,15.0
612,150.0
613,170.0
614,175.0
615,185.0
616,190.0
617,20.0
618,200.0
619,205.0
620,210.0
621,215.0
622,220.0
623,225.0
624,230.0
625,235.0
626,240.0
627,245.0
628,25.0
629,250.0
630,255.0
631,260.0
632,270.0
633,290.0
634,315.0
635,320.0
636,325.0
637,35.0
638,350.0
639,355.0
640,40.0
641,45.0
642,5.0
643,50.0
644,60.0
645,65.0
646,70.0
647,80.0
648,85.0
649,95.0
650,0.0
651,10.0
652,100.0
653,105.0
654,110.0
655,115.0
656,120.0
657,135.0
658,145.0
659,15.0
660,150.0
661,160.0
662,165.0
663,170.0
664,180.0
665,190.0
666,195.0
667,20.0
668,205.0
669,210.0
670,215.0
671,220.0
672,225.0
673,245.0
674,25.0
675,250.0
676,255.0
677,265.0
678,270.0
679,275.0
680,285.0
681,295.0
682,30.0
683,310.0
684,320.0
685,325.0
686,330.0
687,335.0
688,340.0
689,345.0
690,35.0
691,350.0
692,355.0
693,45.0
694,5.0
695,55.0
696,60.0
697,75.0
698,80.0
699,90.0
700,105.0
701,110.0
702,115.0
703,120.0
704,130.0
705,135.0
706,140.0
707,145.0
708,150.0
709,155.0
710,175.0
711,180.0
712,185.0
713,190.0
714,195.0
715,20.0
716,200.0
717,205.0
718,210.0
719,215.0
720,220.0
721,225.0
722,230.0
723,240.0
724,245.0
725,25.0
726,250.0
727,260.0
728,270.0
729,280.0
730,285.0
731,30.0
732,300.0
733,310.0
734,315.0
735,320.0
736,325.0
737,335.0
738,340.0
739,350.0
740,45.0
741,5.0
742,50.0
743,55.0
744,60.0
745,65.0
746,70.0
747,80.0
748,85.0
749,90.0
750,10.0
751,105.0
752,110.0
753,115.0
754,120.0
755,125.0
756,130.0
757,135.0
758,140.0
759,15.0
760,150.0
761,155.0
762,160.0
763,165.0
764,170.0
765,175.0
766,185.0
767,190.0
768,195.0
769,200.0
770,205.0
771,215.0
772,220.0
773,225.0
774,230.0
775,245.0
776,25.0
777,250.0
778,255.0
779,260.0
780,265.0
781,275.0
782,285.0
783,295.0
784,30.0
785,300.0
786,305.0
787,320.0
788,325.0
789,330.0
790,340.0
791,345.0
792,35.0
793,355.0
794,5.0
795,50.0
796,60.0
797,80.0
798,85.0
799,90.0
800,10.0
801,105.0
802,110.0
803,115.0
804,120.0
805,125.0
806,130.0
807,140.0
808,145.0
809,15.0
810,150.0
811,160.0
812,165.0
813,175.0
814,180.0
815,185.0
816,190.0
817,195.0
818,20.0
819,205.0
820,210.0
821,220.0
822,230.0
823,235.0
824,240.0
825,250.0
826,255.0
827,260.0
828,265.0
829,270.0
830,280.0
831,30.0
832,305.0
833,310.0
834,315.0
835,320.0
836,335.0
837,340.0
838,35.0
839,350.0
840,355.0
841,45.0
842,5.0
843,50.0
844,60.0
845,65.0
846,80.0
847,85.0
848,90.0
849,95.0
850,100.0
851,105.0
852,110.0
853,115.0
854,130.0
855,135.0
856,140.0
857,145.0
858,15.0
859,150.0
860,155.0
861,165.0
862,175.0
863,180.0
864,190.0
865,195.0
866,20.0
867,200.0
868,210.0
869,215.0
870,220.0
871,225.0
872,230.0
873,235.0
874,240.0
875,245.0
876,25.0
877,255.0
878,260.0
879,275.0
880,280.0
881,285.0
882,30.0
883,300.0
884,310.0
885,330.0
886,335.0
887,340.0
888,345.0
889,35.0
890,350.0
891,355.0
892,45.0
893,5.0
894,55.0
895,60.0
896,70.0
897,75.0
898,85.0
899,90.0
900,0.0
901,10.0
902,105.0
903,125.0
904,135.0
905,140.0
906,145.0
907,15.0
908,150.0
909,155.0
910,165.0
911,170.0
912,180.0
913,185.0
914,190.0
915,200.0
916,205.0
917,210.0
918,220.0
919,225.0
920,235.0
921,240.0
922,250.0
923,255.0
924,265.0
925,270.0
926,275.0
927,280.0
928,285.0
929,290.0
930,295.0
931,30.0
932,300.0
933,305.0
934,310.0
935,325.0
936,330.0
937,335.0
938,345.0
939,35.0
940,350.0
941,40.0
942,5.0
943,60.0
944,65.0
945,70.0
946,75.0
947,80.0
948,85.0
949,95.0
950,0.0
951,10.0
952,100.0
953,105.0
954,110.0
955,120.0
956,135.0
957,145.0
958,15.0
959,150.0
960,155.0
961,160.0
962,165.0
963,170.0
964,175.0
965,180.0
966,185.0
967,195.0
968,200.0
969,210.0
970,220.0
971,225.0
972,235.0
973,25.0
974,250.0
975,260.0
976,270.0
977,275.0
978,280.0
979,285.0
980,290.0
981,30.0
982,305.0
983,310.0
984,315.0
985,320.0
986,325.0
987,335.0
988,345.0
989,35.0
990,355.0
991,40.0
992,45.0
993,5.0
994,50.0
995,55.0
996,60.0
997,70.0
998,75.0
999,80.0
1000,10.0
1001,100.0
1002,105.0
1003,110.0
1004,115.0
1005,120.0
1006,125.0
1007,145.0
1008,15.0
1009,155.0
1010,160.0
1011,165.0
1012,170.0
1013,180.0
1014,185.0
1015,195.0
1016,20.0
1017,210.0
1018,215.0
1019,220.0
1020,225.0
1021,230.0
1022,235.0
1023,240.0
1024,245.0
1025,25.0
1026,250.0
1027,255.0
1028,260.0
1029,265.0
1030,270.0
1031,275.0
1032,280.0
1033,295.0
1034,310.0
1035,330.0
1036,335.0
1037,340.0
1038,345.0
1039,350.0
1040,355.0
1041,40.0
1042,45.0
1043,5.0
1044,55.0
1045,60.0
1046,70.0
1047,75.0
1048,80.0
1049,85.0
1050,0.0
1051,10.0
1052,100.0
1053,115.0
1054,120.0
1055,130.0
1056,135.0
1057,140.0
1058,15.0
1059,150.0
1060,155.0
1061,160.0
1062,165.0
1063,180.0
1064,185.0
1065,195.0
1066,200.0
1067,205.0
1068,220.0
1069,230.0
1070,235.0
1071,240.0
1072,250.0
1073,255.0
1074,260.0
1075,270.0
1076,275.0
1077,280.0
1078,285.0
1079,290.0
1080,30.0
1081,300.0
1082,305.0
1083,310.0
1084,315.0
1085,320.0
1086,325.0
1087,335.0
1088,340.0
1089,350.0
1090,40.0
1091,45.0
1092,50.0
1093,55.0
1094,65.0
1095,75.0
1096,80.0
1097,85.0
1098,90.0
1099,95.0
1100,110.0
1101,115.0
1102,120.0
1103,130.0
1104,135.0
1105,140.0
1106,145.0
1107,15.0
1108,150.0
1109,155.0
1110,165.0
1111,175.0
1112,180.0
1113,190.0
1114,205.0
1115,210.0
1116,215.0
1117,225.0
1118,230.0
1119,235.0
1120,245.0
1121,25.0
1122,250.0
1123,255.0
1124,265.0
1125,270.0
1126,275.0
1127,280.0
1128,285.0
1129,290.0
1130,295.0
1131,30.0
1132,300.0
1133,305.0
1134,315.0
1135,325.0
1136,330.0
1137,335.0
1138,340.0
1139,345.0
1140,35.0
1141,350.0
1142,355.0
1143,45.0
1144,5.0
1145,55.0
1146,60.0
1147,70.0
1148,80.0
1149,85.0
1150,0.0
1151,10.0
1152,115.0
1153,125.0
1154,130.0
1155,140.0
1156,145.0
1157,15.0
1158,150.0
1159,160.0
1160,165.0
1161,170.0
1162,180.0
1163,185.0
1164,190.0
1165,195.0
1166,20.0
1167,200.0
1168,205.0
1169,215.0
1170,230.0
1171,235.0
1172,240.0
1173,245.0
1174,250.0
1175,255.0
1176,260.0
1177,265.0
1178,270.0
1179,275.0
1180,285.0
1181,290.0
1182,295.0
1183,315.0
1184,320.0
1185,335.0
1186,340.0
1187,345.0
1188,35.0
1189,350.0
1190,40.0
1191,5.0
1192,55.0
1193,60.0
1194,65.0
1195,70.0
1196,75.0
1197,80.0
1198,85.0
1199,95.0
1200,0.0
1201,10.0
1202,100.0
1203,105.0
1204,110.0
1205,125.0
1206,130.0
1207,135.0
1208,140.0
1209,145.0
1210,150.0
1211,155.0
1212,160.0
1213,165.0
1214,170.0
1215,175.0
1216,180.0
1217,185.0
1218,190.0
1219,195.0
1220,200.0
1221,205.0
1222,210.0
1223,215.0
1224,220.0
1225,225.0
1226,230.0
1227,235.0
1228,245.0
1229,25.0
1230,255.0
1231,280.0
1232,290.0
1233,295.0
1234,30.0
1235,300.0
1236,310.0
1237,315.0
1238,320.0
1239,330.0
1240,35.0
1241,350.0
1242,40.0
1243,5.0
1244,50.0
1245,60.0
1246,65.0
1247,75.0
1248,90.0
1249,95.0
1250,0.0
1251,10.0
1252,100.0
1253,110.0
1254,115.0
1255,120.0
1256,125.0
1257,130.0
1258,135.0
1259,140.0
1260,145.0
1261,150.0
1262,160.0
1263,170.0
1264,175.0
1265,180.0
1266,185.0
1267,195.0
1268,200.0
1269,205.0
1270,215.0
1271,220.0
1272,225.0
1273,230.0
1274,235.0
1275,240.0
1276,260.0
1277,265.0
1278,270.0
1279,275.0
1280,285.0
1281,30.0
1282,300.0
1283,305.0
1284,315.0
1285,320.0
1286,325.0
1287,330.0
1288,340.0
1289,345.0
1290,35.0
1291,350.0
1292,40.0
1293,5.0
1294,55.0
1295,65.0
1296,70.0
1297,75.0
1298,90.0
1299,95.0
1300,0.0
1301,10.0
1302,100.0
1303,115.0
1304,125.0
1305,130.0
1306,140.0
1307,150.0
1308,155.0
1309,160.0
1310,165.0
1311,170.0
1312,180.0
1313,185.0
1314,190.0
1315,195.0
1316,20.0
1317,200.0
1318,210.0
1319,215.0
1320,220.0
1321,230.0
1322,235.0
1323,240.0
1324,25.0
1325,260.0
1326,265.0
1327,270.0
1328,275.0
1329,280.0
1330,285.0
1331,290.0
1332,300.0
1333,305.0
1334,315.0
1335,325.0
1336,330.0
1337,335.0
1338,340.0
1339,35.0
1340,350.0
1341,40.0
1342,5.0
1343,50.0
1344,55.0
1345,65.0
1346,70.0
1347,75.0
1348,80.0
1349,85.0
1350,0.0
1351,10.0
1352,100.0
1353,105.0
1354,110.0
1355,120.0
1356,130.0
1357,135.0
1358,140.0
1359,145.0
1360,15.0
1361,150.0
1362,160.0
1363,170.0
1364,180.0
1365,190.0
1366,195.0
1367,20.0
1368,220.0
1369,225.0
1370,230.0
1371,235.0
1372,240.0
1373,250.0
1374,255.0
1375,260.0
1376,265.0
1377,275.0
1378,280.0
1379,285.0
1380,290.0
1381,30.0
1382,305.0
1383,315.0
1384,320.0
1385,325.0
1386,330.0
1387,335.0
1388,35.0
1389,355.0
1390,40.0
1391,50.0
1392,60.0
1393,65.0
1394,70.0
1395,75.0
1396,80.0
1397,85.0
1398,90.0
1399,95.0
1400,10.0
1401,100.0
1402,105.0
1403,110.0
1404,120.0
1405,125.0
1406,130.0
1407,140.0
1408,145.0
1409,15.0
1410,155.0
1411,160.0
1412,170.0
1413,175.0
1414,180.0
1415,20.0
1416,200.0
1417,220.0
1418,225.0
1419,230.0
1420,235.0
1421,240.0
1422,250.0
1423,255.0
1424,260.0
1425,265.0
1426,270.0
1427,285.0
1428,290.0
1429,295.0
1430,30.0
1431,310.0
1432,320.0
1433,325.0
1434,335.0
1435,340.0
1436,345.0
1437,35.0
1438,350.0
1439,45.0
1440,5.0
1441,50.0
1442,55.0
1443,60.0
1444,70.0
1445,75.0
1446,80.0
1447,85.0
1448,90.0
1449,95.0
1450,100.0
1451,105.0
1452,110.0
1453,115.0
1454,130.0
1455,135.0
1456,140.0
1457,145.0
1458,150.0
1459,155.0
1460,160.0
1461,165.0
1462,175.0
1463,180.0
1464,185.0
1465,190.0
1466,195.0
1467,200.0
1468,205.0
1469,215.0
1470,220.0
1471,225.0
1472,230.0
1473,235.0
1474,240.0
1475,245.0
1476,25.0
1477,250.0
1478,255.0
1479,265.0
1480,275.0
1481,285.0
1482,295.0
1483,30.0
1484,300.0
1485,305.0
1486,310.0
1487,315.0
1488,325.0
1489,330.0
1490,340.0
1491,35.0
1492,355.0
1493,40.0
1494,5.0
1495,55.0
1496,75.0
1497,80.0
1498,85.0
1499,90.0
1500,0.0
1501,100.0
1502,105.0
1503,115.0
1504,120.0
1505,125.0
1506,130.0
1507,140.0
1508,145.0
1509,150.0
1510,155.0
1511,160.0
1512,165.0
1513,175.0
1514,180.0
1515,185.0
1516,195.0
1517,20.0
1518,200.0
1519,205.0
1520,210.0
1521,215.0
1522,225.0
1523,230.0
1524,240.0
1525,260.0
1526,275.0
1527,285.0
1528,290.0
1529,295.0
1530,30.0
1531,300.0
1532,305.0
1533,310.0
1534,320.0
1535,325.0
1536,340.0
1537,345.0
1538,35.0
1539,355.0
1540,40.0
1541,5.0
1542,55.0
1543,60.0
1544,65.0
1545,70.0
1546,80.0
1547,85.0
1548,90.0
1549,95.0
1550,10.0
1551,110.0
1552,115.0
1553,120.0
1554,125.0
1555,130.0
1556,135.0
1557,140.0
1558,145.0
1559,15.0
1560,150.0
1561,160.0
1562,165.0
1563,170.0
1564,180.0
1565,185.0
1566,190.0
1567,195.0
1568,20.0
1569,200.0
1570,220.0
1571,225.0
1572,230.0
1573,235.0
1574,240.0
1575,245.0
1576,250.0
1577,255.0
1578,260.0
1579,270.0
1580,275.0
1581,285.0
1582,290.0
1583,295.0
1584,30.0
1585,300.0
1586,310.0
1587,315.0
1588,335.0
1589,340.0
1590,350.0
1591,355.0
1592,40.0
1593,50.0
1594,55.0
1595,60.0
1596,65.0
1597,70.0
1598,80.0
1599,85.0
1600,10.0
1601,100.0
1602,105.0
1603,110.0
1604,115.0
1605,120.0
1606,125.0
1607,130.0
1608,145.0
1609,15.0
1610,155.0
1611,160.0
1612,165.0
1613,170.0
1614,175.0
1615,180.0
1616,190.0
1617,195.0
1618,205.0
1619,210.0
1620,215.0
1621,220.0
1622,225.0
1623,240.0
1624,25.0
1625,265.0
1626,270.0
1627,275.0
1628,280.0
1629,285.0
1630,30.0
1631,300.0
1632,305.0
1633,315.0
1634,320.0
1635,330.0
1636,335.0
1637,340.0
1638,345.0
1639,35.0
1640,350.0
1641,45.0
1642,5.0
1643,65.0
1644,70.0
1645,75.0
1646,80.0
1647,85.0
1648,90.0
1649,95.0
1650,0.0
1651,10.0
1652,100.0
1653,105.0
1654,110.0
1655,115.0
1656,120.0
1657,125.0
1658,130.0
1659,135.0
1660,145.0
1661,15.0
1662,150.0
1663,155.0
1664,165.0
1665,170.0
1666,175.0
1667,185.0
1668,190.0
1669,195.0
1670,20.0
1671,200.0
1672,205.0
1673,210.0
1674,215.0
1675,225.0
1676,230.0
1677,235.0
1678,25.0
1679,265.0
1680,270.0
1681,275.0
1682,280.0
1683,305.0
1684,315.0
1685,320.0
1686,325.0
1687,330.0
1688,340.0
1689,345.0
1690,355.0
1691,40.0
1692,45.0
1693,5.0
1694,55.0
1695,60.0
1696,65.0
1697,70.0
1698,75.0
1699,95.0
1700,0.0
1701,100.0
1702,105.0
1703,115.0
1704,125.0
1705,135.0
1706,140.0
1707,15.0
1708,150.0
1709,155.0
1710,160.0
1711,175.0
1712,185.0
1713,190.0
1714,195.0
1715,20.0
1716,205.0
1717,220.0
1718,225.0
1719,230.0
1720,25.0
1721,250.0
1722,260.0
1723,265.0
1724,275.0
1725,280.0
1726,285.0
1727,290.0
1728,295.0
1729,300.0
1730,305.0
1731,310.0
1732,315.0
1733,320.0
1734,330.0
1735,335.0
1736,340.0
1737,345.0
1738,350.0
1739,355.0
1740,40.0
1741,45.0
1742,50.0
1743,65.0
1744,70.0
1745,75.0
1746,80.0
1747,85.0
1748,90.0
1749,95.0
1750,10.0
1751,115.0
1752,120.0
1753,125.0
1754,130.0
1755,135.0
1756,140.0
1757,145.0
1758,15.0
1759,150.0
1760,155.0
1761,165.0
1762,170.0
1763,185.0
1764,190.0
1765,195.0
1766,20.0
1767,205.0
1768,210.0
1769,230.0
1770,235.0
1771,240.0
1772,245.0
1773,250.0
1774,255.0
1775,265.0
1776,270.0
1777,280.0
1778,285.0
1779,290.0
1780,295.0
1781,30.0
1782,300.0
1783,305.0
1784,315.0
1785,325.0
1786,345.0
1787,35.0
1788,350.0
1789,355.0
1790,5.0
1791,50.0
1792,55.0
1793,60.0
1794,65.0
1795,70.0
1796,75.0
1797,80.0
1798,90.0
1799,95.0
1800,0.0
1801,10.0
1802,100.0
1803,110.0
1804,115.0
1805,120.0
1806,125.0
1807,130.0
1808,140.0
1809,145.0
1810,150.0
1811,165.0
1812,175.0
1813,190.0
1814,195.0
1815,20.0
1816,205.0
1817,210.0
1818,215.0
1819,220.0
1820,225.0
1821,230.0
1822,235.0
1823,25.0
1824,255.0
1825,260.0
1826,270.0
1827,275.0
1828,280.0
1829,285.0
1830,290.0
1831,295.0
1832,30.0
1833,300.0
1834,305.0
1835,320.0
1836,335.0
1837,340.0
1838,345.0
1839,35.0
1840,350.0
1841,40.0
1842,45.0
1843,5.0
1844,55.0
1845,60.0
1846,65.0
1847,75.0
1848,85.0
1849,90.0
1850,100.0
1851,105.0
1852,110.0
1853,115.0
1854,120.0
1855,15.0
1856,150.0
1857,160.0
1858,165.0
1859,170.0
1860,175.0
1861,190.0
1862,195.0
1863,20.0
1864,200.0
1865,210.0
1866,220.0
1867,230.0
1868,235.0
1869,250.0
1870,260.0
1871,265.0
1872,270.0
1873,275.0
1874,280.0
1875,290.0
1876,300.0
1877,305.0
1878,310.0
1879,315.0
1880,320.0
1881,325.0
1882,330.0
1883,335.0
1884,340.0
1885,345.0
1886,35.0
1887,350.0
1888,355.0
1889,5.0
1890,50.0
1891,55.0
1892,60.0
1893,65.0
1894,70.0
1895,75.0
1896,80.0
1897,85.0
1898,90.0
1899,95.0
1900,0.0
1901,105.0
1902,115.0
1903,120.0
1904,125.0
1905,130.0
1906,135.0
1907,145.0
1908,150.0
1909,155.0
1910,160.0
1911,165.0
1912,170.0
1913,175.0
1914,20.0
1915,200.0
1916,205.0
1917,210.0
1918,220.0
1919,225.0
1920,235.0
1921,240.0
1922,250.0
1923,255.0
1924,265.0
1925,270.0
1926,275.0
1927,280.0
1928,285.0
1929,295.0
1930,30.0
1931,300.0
1932,305.0
1933,320.0
1934,325.0
1935,330.0
1936,335.0
1937,340.0
1938,345.0
1939,350.0
1940,355.0
1941,40.0
1942,5.0
1943,50.0
1944,55.0
1945,60.0
1946,70.0
1947,75.0
1948,80.0
1949,85.0
1950,10.0
1951,105.0
1952,110.0
1953,115.0
1954,130.0
1955,135.0
1956,140.0
1957,15.0
1958,150.0
1959,165.0
1960,170.0
1961,180.0
1962,185.0
1963,190.0
1964,195.0
1965,20.0
1966,200.0
1967,205.0
1968,210.0
1969,215.0
1970,225.0
1971,230.0
1972,235.0
1973,245.0
1974,25.0
1975,255.0
1976,260.0
1977,265.0
1978,270.0
1979,280.0
1980,290.0
1981,295.0
1982,30.0
1983,300.0
1984,305.0
1985,320.0
1986,325.0
1987,330.0
1988,345.0
1989,350.0
1990,355.0
1991,40.0
1992,5.0
1993,50.0
1994,55.0
1995,60.0
1996,65.0
1997,75.0
1998,85.0
1999,95.0
2000,0.0
2001,10.0
2002,105.0
2003,115.0
2004,120.0
2005,125.0
2006,130.0
2007,135.0
2008,140.0
2009,150.0
2010,155.0
2011,170.0
2012,180.0
2013,185.0
2014,195.0
2015,20.0
2016,205.0
2017,210.0
2018,215.0
2019,220.0
2020,225.0
2021,245.0
2022,250.0
2023,265.0
2024,270.0
2025,275.0
2026,280.0
2027,285.0
2028,295.0
2029,305.0
2030,310.0
2031,315.0
2032,320.0
2033,325.0
2034,335.0
2035,340.0
2036,35.0
2037,350.0
2038,355.0
2039,40.0
2040,45.0
2041,5.0
2042,50.0
2043,55.0
2044,60.0
2045,75.0
2046,80.0
2047,85.0
2048,90.0
2049,95.0
2050,100.0
2051,115.0
2052,120.0
2053,125.0
2054,135.0
2055,140.0
2056,15.0
2057,150.0
2058,155.0
2059,160.0
2060,165.0
2061,175.0
2062,180.0
2063,190.0
2064,195.0
2065,20.0
2066,200.0
2067,205.0
2068,210.0
2069,215.0
2070,225.0
2071,230.0
2072,235.0
2073,240.0
2074,245.0
2075,25.0
2076,265.0
2077,280.0
2078,285.0
2079,290.0
2080,295.0
2081,30.0
2082,300.0
2083,310.0
2084,325.0
2085,330.0
2086,335.0
2087,340.0
2088,345.0
2089,35.0
2090,350.0
2091,355.0
2092,40.0
2093,45.0
2094,50.0
2095,60.0
2096,65.0
2097,75.0
2098,80.0
2099,95.0
2100,0.0
2101,100.0
2102,105.0
2103,110.0
2104,115.0
2105,120.0
2106,125.0
2107,135.0
2108,140.0
2109,15.0
2110,150.0
2111,155.0
2112,170.0
2113,180.0
2114,185.0
2115,190.0
2116,195.0
2117,20.0
2118,200.0
2119,205.0
2120,210.0
2121,215.0
2122,220.0
2123,225.0
2124,230.0
2125,235.0
2126,240.0
2127,25.0
2128,250.0
2129,255.0
2130,260.0
2131,265.0
2132,270.0
2133,275.0
2134,280.0
2135,285.0
2136,300.0
2137,305.0
2138,325.0
2139,330.0
2140,345.0
2141,40.0
2142,5.0
2143,55.0
2144,60.0
2145,65.0
2146,70.0
2147,75.0
2148,85.0
2149,90.0
2150,10.0
2151,105.0
2152,110.0
2153,115.0
2154,125.0
2155,140.0
2156,145.0
2157,15.0
2158,160.0
2159,165.0
2160,170.0
2161,175.0
2162,180.0
2163,185.0
2164,190.0
2165,195.0
2166,20.0
2167,205.0
2168,210.0
2169,215.0
2170,235.0
2171,240.0
2172,245.0
2173,25.0
2174,250.0
2175,255.0
2176,260.0
2177,265.0
2178,275.0
2179,280.0
2180,285.0
2181,290.0
2182,295.0
2183,30.0
2184,300.0
2185,310.0
2186,315.0
2187,330.0
2188,335.0
2189,345.0
2190,35.0
2191,350.0
2192,355.0
2193,40.0
2194,45.0
2195,5.0
2196,55.0
2197,70.0
2198,85.0
2199,95.0
2200,0.0
2201,10.0
2202,100.0
2203,110.0
2204,120.0
2205,125.0
2206,130.0
2207,135.0
2208,140.0
2209,145.0
2210,15.0
2211,150.0
2212,155.0
2213,160.0
2214,165.0
2215,195.0
2216,215.0
2217,220.0
2218,225.0
2219,230.0
2220,240.0
2221,245.0
2222,250.0
2223,255.0
2224,265.0
2225,270.0
2226,275.0
2227,280.0
2228,285.0
2229,290.0
2230,295.0
2231,300.0
2232,305.0
2233,315.0
2234,320.0
2235,325.0
2236,330.0
2237,335.0
2238,340.0
2239,350.0
2240,355.0
2241,40.0
2242,45.0
2243,5.0
2244,55.0
2245,70.0
2246,75.0
2247,80.0
2248,85.0
2249,95.0
2250,0.0
2251,10.0
2252,105.0
2253,110.0
2254,120.0
2255,125.0
2256,130.0
2257,140.0
2258,145.0
2259,15.0
2260,150.0
2261,155.0
2262,160.0
2263,165.0
2264,170.0
2265,175.0
2266,180.0
2267,185.0
2268,190.0
2269,195.0
2270,20.0
2271,215.0
2272,225.0
2273,230.0
2274,235.0
2275,240.0
2276,245.0
2277,25.0
2278,250.0
2279,255.0
2280,260.0
2281,275.0
2282,285.0
2283,290.0
2284,295.0
2285,30.0
2286,300.0
2287,305.0
2288,310.0
2289,325.0
2290,330.0
2291,340.0
2292,345.0
2293,350.0
2294,355.0
2295,45.0
2296,60.0
2297,70.0
2298,75.0
2299,80.0
2300,0.0
2301,100.0
2302,110.0
2303,115.0
2304,130.0
2305,135.0
2306,140.0
2307,145.0
2308,15.0
2309,150.0
2310,155.0
2311,165.0
2312,170.0
2313,180.0
2314,190.0
2315,195.0
2316,20.0
2317,200.0
2318,205.0
2319,210.0
2320,220.0
2321,225.0
2322,230.0
2323,235.0
2324,240.0
2325,25.0
2326,255.0
2327,260.0
2328,270.0
2329,280.0
2330,285.0
2331,290.0
2332,295.0
2333,300.0
2334,305.0
2335,310.0
2336,320.0
2337,325.0
2338,330.0
2339,340.0
2340,345.0
2341,35.0
2342,45.0
2343,5.0
2344,50.0
2345,55.0
2346,60.0
2347,65.0
2348,70.0
2349,75.0
2350,0.0
2351,100.0
2352,105.0
2353,110.0
2354,115.0
2355,120.0
2356,125.0
2357,140.0
2358,145.0
2359,15.0
2360,150.0
2361,155.0
2362,160.0
2363,165.0
2364,180.0
2365,190.0
2366,200.0
2367,205.0
2368,210.0
2369,220.0
2370,225.0
2371,235.0
2372,240.0
2373,245.0
2374,255.0
2375,260.0
2376,265.0
2377,270.0
2378,275.0
2379,285.0
2380,295.0
2381,30.0
2382,305.0
2383,310.0
2384,315.0
2385,325.0
2386,340.0
2387,345.0
2388,35.0
2389,350.0
2390,45.0
2391,5.0
2392,50.0
2393,55.0
2394,60.0
2395,65.0
2396,70.0
2397,75.0
2398,80.0
2399,90.0
2400,0.0
2401,10.0
2402,100.0
2403,105.0
2404,110.0
2405,115.0
2406,120.0
2407,130.0
2408,135.0
2409,140.0
2410,145.0
2411,15.0
2412,150.0
2413,160.0
2414,165.0
2415,170.0
2416,175.0
2417,180.0
2418,185.0
2419,200.0
2420,205.0
2421,210.0
2422,215.0
2423,230.0
2424,240.0
2425,245.0
2426,25.0
2427,250.0
2428,255.0
2429,260.0
2430,265.0
2431,270.0
2432,280.0
2433,285.0
2434,290.0
2435,30.0
2436,300.0
2437,305.0
2438,310.0
2439,315.0
2440,325.0
2441,330.0
2442,335.0
2443,345.0
2444,350.0
2445,40.0
2446,50.0
2447,70.0
2448,80.0
2449,95.0
2450,10.0
2451,100.0
2452,105.0
2453,115.0
2454,120.0
2455,130.0
2456,135.0
2457,140.0
2458,145.0
2459,160.0
2460,165.0
2461,170.0
2462,175.0
2463,180.0
2464,190.0
2465,20.0
2466,200.0
2467,205.0
2468,210.0
2469,215.0
2470,220.0
2471,230.0
2472,235.0
2473,240.0
2474,245.0
2475,25.0
2476,250.0
2477,255.0
2478,265.0
2479,275.0
2480,290.0
2481,30.0
2482,300.0
2483,305.0
2484,315.0
2485,325.0
2486,340.0
2487,345.0
2488,35.0
2489,355.0
2490,40.0
2491,45.0
2492,5.0
2493,50.0
2494,55.0
2495,60.0
2496,65.0
2497,70.0
2498,90.0
2499,95.0
2500,0.0
2501,10.0
2502,100.0
2503,110.0
2504,120.0
2505,130.0
2506,135.0
2507,155.0
2508,165.0
2509,170.0
2510,175.0
2511,180.0
2512,185.0
2513,200.0
2514,205.0
2515,210.0
2516,220.0
2517,225.0
2518,230.0
2519,240.0
2520,245.0
2521,25.0
2522,250.0
2523,255.0
2524,260.0
2525,270.0
2526,275.0
2527,280.0
2528,290.0
2529,295.0
2530,30.0
2531,300.0
2532,305.0
2533,315.0
2534,330.0
2535,340.0
2536,345.0
2537,35.0
2538,350.0
2539,45.0
2540,5.0
2541,50.0
2542,55.0
2543,60.0
2544,65.0
2545,70.0
2546,75.0
2547,80.0
2548,90.0
2549,95.0
2550,10.0
2551,100.0
2552,105.0
2553,115.0
2554,120.0
2555,140.0
2556,145.0
2557,150.0
2558,160.0
2559,165.0
2560,170.0
2561,175.0
2562,180.0
2563,195.0
2564,205.0
2565,215.0
2566,225.0
2567,230.0
2568,240.0
2569,245.0
2570,25.0
2571,250.0
2572,255.0
2573,260.0
2574,265.0
2575,270.0
2576,280.0
2577,285.0
2578,290.0
2579,295.0
2580,30.0
2581,300.0
2582,305.0
2583,310.0
2584,315.0
2585,320.0
2586,335.0
2587,345.0
2588,35.0
2589,350.0
2590,355.0
2591,40.0
2592,45.0
2593,5.0
2594,50.0
2595,55.0
2596,70.0
2597,75.0
2598,80.0
2599,85.0
2600,10.0
2601,100.0
2602,105.0
2603,110.0
2604,115.0
2605,125.0
2606,135.0
2607,145.0
2608,15.0
2609,155.0
2610,160.0
2611,165.0
2612,170.0
2613,175.0
2614,180.0
2615,185.0
2616,190.0
2617,20.0
2618,200.0
2619,205.0
2620,210.0
2621,215.0
2622,220.0
2623,225.0
2624,235.0
2625,245.0
2626,25.0
2627,250.0
2628,255.0
2629,270.0
2630,275.0
2631,290.0
2632,315.0
2633,325.0
2634,330.0
2635,335.0
2636,340.0
2637,345.0
2638,35.0
2639,350.0
2640,40.0
2641,45.0
2642,50.0
2643,60.0
2644,65.0
2645,70.0
2646,75.0
2647,85.0
2648,90.0
2649,95.0
2650,0.0
2651,10.0
2652,105.0
2653,110.0
2654,115.0
2655,120.0
2656,135.0
2657,140.0
2658,150.0
2659,160.0
2660,165.0
2661,175.0
2662,180.0
2663,185.0
2664,190.0
2665,195.0
2666,205.0
2667,210.0
2668,215.0
2669,220.0
2670,225.0
2671,235.0
2672,250.0
2673,265.0
2674,275.0
2675,280.0
2676,290.0
2677,30.0
2678,305.0
2679,310.0
2680,315.0
2681,320.0
2682,325.0
2683,330.0
2684,340.0
2685,345.0
2686,35.0
2687,355.0
2688,40.0
2689,45.0
2690,5.0
2691,50.0
2692,55.0
2693,65.0
2694,70.0
2695,75.0
2696,80.0
2697,85.0
2698,90.0
2699,95.0
2700,10.0
2701,100.0
2702,105.0
2703,110.0
2704,115.0
2705,125.0
2706,130.0
2707,135.0
2708,15.0
2709,150.0
2710,155.0
2711,160.0
2712,170.0
2713,175.0
2714,180.0
2715,190.0
2716,195.0
2717,20.0
2718,200.0
2719,205.0
2720,210.0
2721,220.0
2722,225.0
2723,230.0
2724,245.0
2725,250.0
2726,255.0
2727,260.0
2728,270.0
2729,275.0
2730,280.0
2731,290.0
2732,295.0
2733,30.0
2734,300.0
2735,310.0
2736,315.0
2737,325.0
2738,340.0
2739,345.0
2740,35.0
2741,350.0
2742,355.0
2743,40.0
2744,45.0
2745,60.0
2746,70.0
2747,75.0
2748,80.0
2749,85.0
2750,0.0
2751,10.0
2752,100.0
2753,105.0
2754,110.0
2755,115.0
2756,120.0
2757,130.0
2758,145.0
2759,15.0
2760,155.0
2761,165.0
2762,175.0
2763,180.0
2764,195.0
2765,200.0
2766,205.0
2767,210.0
2768,215.0
2769,220.0
2770,225.0
2771,230.0
2772,240.0
2773,245.0
2774,25.0
2775,250.0
2776,260.0
2777,270.0
2778,280.0
2779,290.0
2780,300.0
2781,305.0
2782,310.0
2783,315.0
2784,320.0
2785,325.0
2786,330.0
2787,335.0
2788,340.0
2789,345.0
2790,35.0
2791,350.0
2792,355.0
2793,40.0
2794,5.0
2795,60.0
2796,65.0
2797,70.0
2798,80.0
2799,95.0
2800,0.0
2801,10.0
2802,105.0
2803,110.0
2804,115.0
2805,135.0
2806,140.0
2807,145.0
2808,15.0
2809,150.0
2810,155.0
2811,160.0
2812,165.0
2813,170.0
2814,175.0
2815,180.0
2816,185.0
2817,20.0
2818,200.0
2819,205.0
2820,210.0
2821,215.0
2822,225.0
2823,230.0
2824,235.0
2825,240.0
2826,250.0
2827,260.0
2828,275.0
2829,280.0
2830,285.0
2831,290.0
2832,30.0
2833,300.0
2834,305.0
2835,310.0
2836,325.0
2837,330.0
2838,335.0
2839,345.0
2840,350.0
2841,355.0
2842,40.0
2843,45.0
2844,50.0
2845,55.0
2846,75.0
2847,80.0
2848,90.0
2849,95.0
2850,0.0
2851,10.0
2852,100.0
2853,115.0
2854,120.0
2855,125.0
2856,130.0
2857,145.0
2858,15.0
2859,155.0
2860,160.0
2861,165.0
2862,175.0
2863,185.0
2864,190.0
2865,195.0
2866,20.0
2867,205.0
2868,210.0
2869,230.0
2870,235.0
2871,240.0
2872,245.0
2873,25.0
2874,250.0
2875,260.0
2876,270.0
2877,280.0
2878,285.0
2879,290.0
2880,30.0
2881,300.0
2882,315.0
2883,325.0
2884,335.0
2885,345.0
2886,35.0
2887,350.0
2888,355.0
2889,40.0
2890,45.0
2891,5.0
2892,50.0
2893,55.0
2894,60.0
2895,65.0
2896,70.0
2897,75.0
2898,85.0
2899,90.0
2900,10.0
2901,100.0
2902,105.0
2903,110.0
2904,115.0
2905,120.0
2906,135.0
2907,145.0
2908,15.0
2909,150.0
2910,170.0
2911,180.0
2912,190.0
2913,195.0
2914,20.0
2915,205.0
2916,210.0
2917,215.0
2918,220.0
2919,225.0
2920,230.0
2921,235.0
2922,25.0
2923,250.0
2924,255.0
2925,260.0
2926,265.0
2927,275.0
2928,290.0
2929,295.0
2930,30.0
2931,300.0
2932,310.0
2933,315.0
2934,325.0
2935,335.0
2936,345.0
2937,350.0
2938,355.0
2939,45.0
2940,5.0
2941,50.0
2942,55.0
2943,60.0
2944,65.0
2945,70.0
2946,75.0
2947,80.0
2948,85.0
2949,90.0
2950,0.0
2951,10.0
2952,100.0
2953,105.0
2954,110.0
2955,120.0
2956,125.0
2957,130.0
2958,135.0
2959,140.0
2960,150.0
2961,160.0
2962,175.0
2963,185.0
2964,190.0
2965,20.0
2966,200.0
2967,210.0
2968,215.0
2969,220.0
2970,225.0
2971,240.0
2972,245.0
2973,25.0
2974,255.0
2975,260.0
2976,265.0
2977,270.0
2978,275.0
2979,280.0
2980,290.0
2981,295.0
2982,30.0
2983,300.0
2984,305.0
2985,310.0
2986,315.0
2987,320.0
2988,330.0
2989,335.0
2990,340.0
2991,345.0
2992,35.0
2993,350.0
2994,50.0
2995,55.0
2996,65.0
2997,80.0
2998,85.0
2999,90.0
3000,0.0
3001,10.0
3002,100.0
3003,105.0
3004,110.0
3005,120.0
3006,130.0
3007,135.0
3008,140.0
3009,15.0
3010,155.0
3011,160.0
3012,165.0
3013,175.0
3014,180.0
3015,185.0
3016,20.0
3017,205.0
3018,210.0
3019,220.0
3020,225.0
3021,235.0
3022,245.0
3023,25.0
3024,250.0
3025,260.0
3026,265.0
3027,270.0
3028,275.0
3029,280.0
3030,290.0
3031,295.0
3032,30.0
3033,315.0
3034,320.0
3035,325.0
3036,330.0
3037,335.0
3038,35.0
3039,350.0
3040,355.0
3041,40.0
3042,45.0
3043,5.0
3044,55.0
3045,60.0
3046,70.0
3047,75.0
3048,85.0
3049,95.0
3050,10.0
3051,105.0
3052,110.0
3053,115.0
3054,125.0
3055,130.0
3056,135.0
3057,140.0
3058,145.0
3059,155.0
3060,160.0
3061,165.0
3062,170.0
3063,185.0
3064,190.0
3065,195.0
3066,20.0
3067,210.0
3068,220.0
3069,230.0
3070,240.0
3071,25.0
3072,250.0
3073,265.0
3074,275.0
3075,280.0
3076,285.0
3077,290.0
3078,295.0
3079,30.0
3080,305.0
3081,310.0
3082,315.0
3083,320.0
3084,325.0
3085,330.0
3086,335.0
3087,340.0
3088,345.0
3089,35.0
3090,355.0
3091,40.0
3092,45.0
3093,5.0
3094,55.0
3095,60.0
3096,70.0
3097,80.0
3098,85.0
3099,95.0
3100,0.0
3101,105.0
3102,110.0
3103,120.0
3104,125.0
3105,135.0
3106,140.0
3107,145.0
3108,15.0
3109,150.0
3110,155.0
3111,160.0
3112,165.0
3113,170.0
3114,175.0
3115,180.0
3116,185.0
3117,195.0
3118,20.0
3119,200.0
3120,205.0
3121,210.0
3122,220.0
3123,235.0
3124,240.0
3125,245.0
3126,25.0
3127,255.0
3128,260.0
3129,265.0
3130,270.0
3131,275.0
3132,285.0
3133,290.0
3134,300.0
3135,315.0
3136,320.0
3137,325.0
3138,345.0
3139,35.0
3140,355.0
3141,40.0
3142,45.0
3143,5.0
3144,50.0
3145,55.0
3146,70.0
3147,80.0
3148,85.0
3149,90.0
3150,110.0
3151,115.0
3152,120.0
3153,125.0
3154,130.0
3155,135.0
3156,140.0
3157,145.0
3158,15.0
3159,155.0
3160,160.0
3161,165.0
3162,180.0
3163,185.0
3164,190.0
3165,195.0
3166,20.0
3167,200.0
3168,205.0
3169,210.0
3170,215.0
3171,220.0
3172,225.0
3173,230.0
3174,235.0
3175,25.0
3176,250.0
3177,255.0
3178,260.0
3179,280.0
3180,290.0
3181,295.0
3182,30.0
3183,300.0
3184,305.0
3185,310.0
3186,315.0
3187,335.0
3188,340.0
3189,345.0
3190,35.0
3191,355.0
3192,45.0
3193,50.0
3194,65.0
3195,70.0
3196,75.0
3197,80.0
3198,85.0
3199,95.0
3200,0.0
3201,10.0
3202,100.0
3203,105.0
3204,110.0
3205,115.0
3206,120.0
3207,130.0
3208,140.0
3209,15.0
3210,155.0
3211,160.0
3212,170.0
3213,175.0
3214,180.0
3215,185.0
3216,20.0
3217,200.0
3218,205.0
3219,210.0
3220,215.0
3221,220.0
3222,225.0
3223,235.0
3224,240.0
3225,245.0
3226,25.0
3227,250.0
3228,265.0
3229,270.0
3230,275.0
3231,280.0
3232,285.0
3233,295.0
3234,30.0
3235,300.0
3236,305.0
3237,310.0
3238,315.0
3239,320.0
3240,330.0
3241,340.0
3242,355.0
3243,40.0
3244,5.0
3245,55.0
3246,60.0
3247,65.0
3248,70.0
3249,85.0
3250,0.0
3251,10.0
3252,110.0
3253,115.0
3254,125.0
3255,130.0
3256,135.0
3257,140.0
3258,145.0
3259,15.0
3260,150.0
3261,155.0
3262,160.0
3263,175.0
3264,180.0
3265,185.0
3266,190.0
3267,195.0
3268,20.0
3269,200.0
3270,205.0
3271,215.0
3272,220.0
3273,225.0
3274,235.0
3275,25.0
3276,250.0
3277,265.0
3278,275.0
3279,285.0
3280,290.0
3281,30.0
3282,300.0
3283,305.0
3284,310.0
3285,315.0
3286,320.0
3287,325.0
3288,345.0
3289,35.0
3290,350.0
3291,355.0
3292,45.0
3293,5.0
3294,50.0
3295,65.0
3296,70.0
3297,80.0
3298,90.0
3299,95.0
3300,0.0
3301,10.0
3302,100.0
3303,105.0
3304,110.0
3305,120.0
3306,130.0
3307,140.0
3308,145.0
3309,150.0
3310,155.0
3311,165.0
3312,170.0
3313,175.0
3314,180.0
3315,195.0
3316,200.0
3317,205.0
3318,210.0
3319,215.0
3320,220.0
3321,225.0
3322,230.0
3323,235.0
3324,240.0
3325,245.0
3326,25.0
3327,250.0
3328,265.0
3329,275.0
3330,280.0
3331,285.0
3332,290.0
3333,295.0
3334,300.0
3335,315.0
3336,320.0
3337,330.0
3338,335.0
3339,340.0
3340,40.0
3341,5.0
3342,50.0
3343,55.0
3344,60.0
3345,65.0
3346,70.0
3347,80.0
3348,85.0
3349,95.0
3350,0.0
3351,10.0
3352,100.0
3353,105.0
3354,115.0
3355,130.0
3356,135.0
3357,145.0
3358,15.0
3359,150.0
3360,155.0
3361,170.0
3362,175.0
3363,180.0
3364,190.0
3365,195.0
3366,200.0
3367,205.0
3368,210.0
3369,215.0
3370,220.0
3371,225.0
3372,230.0
3373,240.0
3374,25.0
3375,250.0
3376,265.0
3377,275.0
3378,280.0
3379,285.0
3380,290.0
3381,295.0
3382,30.0
3383,300.0
3384,305.0
3385,310.0
3386,315.0
3387,325.0
3388,340.0
3389,345.0
3390,355.0
3391,45.0
3392,5.0
3393,55.0
3394,60.0
3395,65.0
3396,70.0
3397,75.0
3398,85.0
3399,95.0
3400,10.0
3401,100.0
3402,105.0
3403,115.0
3404,120.0
3405,125.0
3406,130.0
3407,135.0
3408,140.0
3409,145.0
3410,150.0
3411,155.0
3412,170.0
3413,175.0
3414,180.0
3415,185.0
3416,190.0
3417,195.0
3418,205.0
3419,215.0
3420,220.0
3421,225.0
3422,230.0
3423,240.0
3424,245.0
3425,260.0
3426,275.0
3427,285.0
3428,30.0
3429,300.0
3430,305.0
3431,310.0
3432,320.0
3433,325.0
3434,340.0
3435,345.0
3436,35.0
3437,350.0
3438,355.0
3439,40.0
3440,45.0
3441,5.0
3442,50.0
3443,55.0
3444,60.0
3445,65.0
3446,75.0
3447,80.0
3448,85.0
3449,90.0
3450,0.0
3451,10.0
3452,105.0
3453,110.0
3454,115.0
3455,120.0
3456,125.0
3457,130.0
3458,135.0
3459,140.0
3460,145.0
3461,165.0
3462,170.0
3463,180.0
3464,185.0
3465,190.0
3466,195.0
3467,20.0
3468,200.0
3469,205.0
3470,210.0
3471,215.0
3472,220.0
3473,230.0
3474,235.0
3475,240.0
3476,245.0
3477,25.0
3478,255.0
3479,260.0
3480,265.0
3481,270.0
3482,275.0
3483,285.0
3484,290.0
3485,30.0
3486,300.0
3487,305.0
3488,315.0
3489,320.0
3490,325.0
3491,330.0
3492,335.0
3493,35.0
3494,40.0
3495,5.0
3496,50.0
3497,55.0
3498,70.0
3499,90.0
3500,0.0
3501,105.0
3502,115.0
3503,125.0
3504,135.0
3505,140.0
3506,145.0
3507,15.0
3508,150.0
3509,155.0
3510,160.0
3511,165.0
3512,170.0
3513,175.0
3514,180.0
3515,185.0
3516,190.0
3517,195.0
3518,20.0
3519,200.0
3520,205.0
3521,210.0
3522,215.0
3523,220.0
3524,230.0
3525,240.0
3526,245.0
3527,250.0
3528,255.0
3529,260.0
3530,270.0
3531,275.0
3532,280.0
3533,285.0
3534,290.0
3535,295.0
3536,30.0
3537,315.0
3538,335.0
3539,340.0
3540,35.0
3541,350.0
3542,355.0
3543,40.0
3544,65.0
3545,75.0
3546,80.0
3547,85.0
3548,90.0
3549,95.0
3550,100.0
3551,105.0
3552,125.0
3553,130.0
3554,135.0
3555,140.0
3556,145.0
3557,15.0
3558,150.0
3559,155.0
3560,160.0
3561,165.0
3562,170.0
3563,175.0
3564,195.0
3565,200.0
3566,215.0
3567,220.0
3568,230.0
3569,235.0
3570,245.0
3571,25.0
3572,260.0
3573,265.0
3574,270.0
3575,275.0
3576,280.0
3577,285.0
3578,290.0
3579,30.0
3580,300.0
3581,305.0
3582,310.0
3583,315.0
3584,320.0
3585,325.0
3586,330.0
3587,335.0
3588,345.0
3589,35.0
3590,350.0
3591,355.0
3592,40.0
3593,5.0
3594,55.0
3595,60.0
3596,65.0
3597,80.0
3598,85.0
3599,95.0
3600,10.0
3601,100.0
3602,105.0
3603,125.0
3604,130.0
3605,140.0
3606,145.0
3607,15.0
3608,150.0
3609,155.0
3610,170.0
3611,185.0
3612,195.0
3613,20.0
3614,200.0
3615,205.0
3616,210.0
3617,215.0
3618,220.0
3619,225.0
3620,230.0
3621,235.0
3622,240.0
3623,245.0
3624,25.0
3625,250.0
3626,260.0
3627,275.0
3628,280.0
3629,285.0
3630,300.0
3631,305.0
3632,310.0
3633,315.0
3634,325.0
3635,330.0
3636,340.0
3637,345.0
3638,35.0
3639,350.0
3640,355.0
3641,40.0
3642,50.0
3643,55.0
3644,60.0
3645,70.0
3646,75.0
3647,85.0
3648,90.0
3649,95.0
3650,0.0
3651,10.0
3652,105.0
3653,110.0
3654,120.0
3655,125.0
3656,135.0
3657,140.0
3658,145.0
3659,15.0
3660,150.0
3661,155.0
3662,160.0
3663,165.0
3664,170.0
3665,180.0
3666,185.0
3667,195.0
3668,20.0
3669,205.0
3670,210.0
3671,215.0
3672,220.0
3673,225.0
3674,240.0
3675,245.0
3676,25.0
3677,255.0
3678,265.0
3679,275.0
3680,280.0
3681,290.0
3682,295.0
3683,30.0
3684,300.0
3685,310.0
3686,315.0
3687,325.0
3688,330.0
3689,340.0
3690,350.0
3691,45.0
3692,5.0
3693,50.0
3694,55.0
3695,60.0
3696,80.0
3697,85.0
3698,90.0
3699,95.0
3700,0.0
3701,100.0
3702,105.0
3703,125.0
3704,135.0
3705,140.0
3706,145.0
3707,155.0
3708,160.0
3709,165.0
3710,170.0
3711,175.0
3712,180.0
3713,185.0
3714,190.0
3715,195.0
3716,20.0
3717,200.0
3718,205.0
3719,215.0
3720,230.0
3721,235.0
3722,240.0
3723,245.0
3724,250.0
3725,260.0
3726,265.0
3727,275.0
3728,280.0
3729,285.0
3730,290.0
3731,30.0
3732,305.0
3733,310.0
3734,315.0
3735,325.0
3736,330.0
3737,335.0
3738,340.0
3739,345.0
3740,35.0
3741,355.0
3742,45.0
3743,5.0
3744,55.0
3745,65.0
3746,70.0
3747,80.0
3748,85.0
3749,90.0
3750,0.0
3751,100.0
3752,105.0
3753,115.0
3754,125.0
3755,135.0
3756,140.0
3757,15.0
3758,150.0
3759,155.0
3760,160.0
3761,165.0
3762,175.0
3763,180.0
3764,185.0
3765,190.0
3766,195.0
3767,200.0
3768,210.0
3769,220.0
3770,235.0
3771,240.0
3772,245.0
3773,25.0
3774,250.0
3775,255.0
3776,260.0
3777,270.0
3778,275.0
3779,280.0
3780,290.0
3781,295.0
3782,30.0
3783,305.0
3784,310.0
3785,325.0
3786,335.0
3787,340.0
3788,345.0
3789,35.0
3790,355.0
3791,40.0
3792,45.0
3793,5.0
3794,50.0
3795,55.0
3796,60.0
3797,65.0
3798,70.0
3799,95.0
3800,0.0
3801,100.0
3802,110.0
3803,115.0
3804,125.0
3805,135.0
3806,140.0
3807,145.0
3808,15.0
3809,165.0
3810,175.0
3811,185.0
3812,190.0
3813,195.0
3814,200.0
3815,210.0
3816,225.0
3817,230.0
3818,235.0
3819,240.0
3820,245.0
3821,25.0
3822,250.0
3823,255.0
3824,265.0
3825,270.0
3826,275.0
3827,280.0
3828,290.0
3829,30.0
3830,300.0
3831,305.0
3832,310.0
3833,315.0
3834,320.0
3835,325.0
3836,330.0
3837,335.0
3838,350.0
3839,355.0
3840,45.0
3841,5.0
3842,50.0
3843,55.0
3844,60.0
3845,65.0
3846,70.0
3847,75.0
3848,85.0
3849,90.0
3850,10.0
3851,100.0
3852,115.0
3853,125.0
3854,130.0
3855,145.0
3856,15.0
3857,150.0
3858,160.0
3859,165.0
3860,170.0
3861,180.0
3862,185.0
3863,190.0
3864,195.0
3865,20.0
3866,200.0
3867,205.0
3868,210.0
3869,215.0
3870,220.0
3871,230.0
3872,235.0
3873,245.0
3874,25.0
3875,255.0
3876,260.0
3877,265.0
3878,270.0
3879,280.0
3880,290.0
3881,295.0
3882,30.0
3883,300.0
3884,305.0
3885,315.0
3886,325.0
3887,335.0
3888,350.0
3889,355.0
3890,40.0
3891,50.0
3892,55.0
3893,60.0
3894,65.0
3895,70.0
3896,75.0
3897,80.0
3898,90.0
3899,95.0
3900,0.0
3901,10.0
3902,100.0
3903,115.0
3904,120.0
3905,125.0
3906,130.0
3907,140.0
3908,145.0
3909,15.0
3910,150.0
3911,155.0
3912,170.0
3913,180.0
3914,185.0
3915,190.0
3916,195.0
3917,20.0
3918,200.0
3919,210.0
3920,215.0
3921,220.0
3922,225.0
3923,235.0
3924,240.0
3925,25.0
3926,250.0
3927,260.0
3928,265.0
3929,280.0
3930,285.0
3931,290.0
3932,295.0
3933,30.0
3934,300.0
3935,305.0
3936,310.0
3937,315.0
3938,320.0
3939,330.0
3940,340.0
3941,345.0
3942,35.0
3943,350.0
3944,355.0
3945,5.0
3946,50.0
3947,60.0
3948,70.0
3949,95.0
3950,0.0
3951,10.0
3952,100.0
3953,110.0
3954,115.0
3955,120.0
3956,130.0
3957,140.0
3958,145.0
3959,15.0
3960,155.0
3961,165.0
3962,170.0
3963,180.0
3964,185.0
3965,190.0
3966,20.0
3967,200.0
3968,205.0
3969,220.0
3970,225.0
3971,235.0
3972,245.0
3973,25.0
3974,250.0
3975,255.0
3976,260.0
3977,265.0
3978,270.0
3979,275.0
3980,280.0
3981,30.0
3982,305.0
3983,310.0
3984,315.0
3985,320.0
3986,325.0
3987,335.0
3988,340.0
3989,35.0
3990,355.0
3991,40.0
3992,45.0
3993,5.0
3994,55.0
3995,60.0
3996,70.0
3997,80.0
3998,85.0
3999,95.0
4000,0.0
4001,10.0
4002,100.0
4003,120.0
4004,130.0
4005,135.0
4006,140.0
4007,155.0
4008,160.0
4009,165.0
4010,170.0
4011,180.0
4012,195.0
4013,20.0
4014,205.0
4015,210.0
4016,215.0
4017,225.0
4018,240.0
4019,245.0
4020,25.0
4021,255.0
4022,260.0
4023,265.0
4024,270.0
4025,280.0
4026,290.0
4027,295.0
4028,30.0
4029,300.0
4030,305.0
4031,310.0
4032,315.0
4033,320.0
4034,325.0
4035,335.0
4036,345.0
4037,35.0
4038,350.0
4039,355.0
4040,40.0
4041,5.0
4042,50.0
4043,60.0
4044,65.0
4045,70.0
4046,75.0
4047,80.0
4048,85.0
4049,95.0
4050,0.0
4051,10.0
4052,100.0
4053,105.0
4054,135.0
4055,145.0
4056,15.0
4057,150.0
4058,155.0
4059,160.0
4060,170.0
4061,180.0
4062,185.0
4063,190.0
4064,20.0
4065,205.0
4066,215.0
4067,225.0
4068,230.0
4069,235.0
4070,240.0
4071,245.0
4072,25.0
4073,250.0
4074,255.0
4075,260.0
4076,265.0
4077,280.0
4078,285.0
4079,290.0
4080,295.0
4081,30.0
4082,305.0
4083,310.0
4084,320.0
4085,325.0
4086,335.0
4087,35.0
4088,355.0
4089,40.0
4090,45.0
4091,50.0
4092,55.0
4093,60.0
4094,65.0
4095,75.0
4096,80.0
4097,85.0
4098,90.0
4099,95.0
4100,0.0
4101,10.0
4102,100.0
4103,105.0
4104,110.0
4105,115.0
4106,120.0
4107,125.0
4108,130.0
4109,135.0
4110,140.0
4111,145.0
4112,150.0
4113,155.0
4114,170.0
4115,180.0
4116,190.0
4117,195.0
4118,20.0
4119,200.0
4120,210.0
4121,215.0
4122,220.0
4123,225.0
4124,235.0
4125,240.0
4126,250.0
4127,255.0
4128,260.0
4129,270.0
4130,275.0
4131,280.0
4132,290.0
4133,300.0
4134,320.0
4135,325.0
4136,330.0
4137,340.0
4138,345.0
4139,35.0
4140,350.0
4141,45.0
4142,5.0
4143,50.0
4144,55.0
4145,65.0
4146,80.0
4147,85.0
4148,90.0
4149,95.0
4150,0.0
4151,10.0
4152,100.0
4153,105.0
4154,115.0
4155,120.0
4156,125.0
4157,130.0
4158,140.0
4159,15.0
4160,150.0
4161,155.0
4162,160.0
4163,175.0
4164,185.0
4165,195.0
4166,200.0
4167,210.0
4168,215.0
4169,220.0
4170,225.0
4171,235.0
4172,240.0
4173,245.0
4174,25.0
4175,250.0
4176,260.0
4177,265.0
4178,270.0
4179,275.0
4180,280.0
4181,285.0
4182,30.0
4183,300.0
4184,305.0
4185,310.0
4186,315.0
4187,325.0
4188,335.0
4189,35.0
4190,350.0
4191,40.0
4192,45.0
4193,50.0
4194,55.0
4195,60.0
4196,65.0
4197,70.0
4198,75.0
4199,90.0
4200,0.0
4201,100.0
4202,105.0
4203,110.0
4204,115.0
4205,130.0
4206,135.0
4207,140.0
4208,145.0
4209,15.0
4210,155.0
4211,160.0
4212,170.0
4213,175.0
4214,180.0
4215,190.0
4216,20.0
4217,200.0
4218,220.0
4219,225.0
4220,230.0
4221,240.0
4222,245.0
4223,25.0
4224,250.0
4225,255.0
4226,260.0
4227,265.0
4228,270.0
4229,275.0
4230,290.0
4231,300.0
4232,305.0
4233,310.0
4234,315.0
4235,320.0
4236,325.0
4237,330.0
4238,340.0
4239,350.0
4240,355.0
4241,40.0
4242,45.0
4243,5.0
4244,50.0
4245,65.0
4246,70.0
4247,80.0
4248,85.0
4249,90.0
4250,10.0
4251,105.0
4252,110.0
4253,115.0
4254,125.0
4255,135.0
4256,15.0
4257,150.0
4258,155.0
4259,160.0
4260,165.0
4261,175.0
4262,180.0
4263,185.0
4264,190.0
4265,195.0
4266,200.0
4267,205.0
4268,210.0
4269,215.0
4270,220.0
4271,225.0
4272,230.0
4273,235.0
4274,240.0
4275,25.0
4276,260.0
4277,265.0
4278,270.0
4279,275.0
4280,280.0
4281,285.0
4282,290.0
4283,295.0
4284,300.0
4285,305.0
4286,315.0
4287,320.0
4288,330.0
4289,340.0
4290,35.0
4291,350.0
4292,355.0
4293,45.0
4294,55.0
4295,65.0
4296,70.0
4297,75.0
4298,80.0
4299,85.0
4300,10.0
4301,100.0
4302,105.0
4303,110.0
4304,125.0
4305,130.0
4306,135.0
4307,140.0
4308,145.0
4309,15.0
4310,160.0
4311,165.0
4312,170.0
4313,185.0
4314,190.0
4315,195.0
4316,20.0
4317,205.0
4318,210.0
4319,220.0
4320,225.0
4321,230.0
4322,235.0
4323,240.0
4324,245.0
4325,25.0
4326,250.0
4327,265.0
4328,275.0
4329,285.0
4330,290.0
4331,295.0
4332,300.0
4333,305.0
4334,315.0
4335,325.0
4336,335.0
4337,340.0
4338,345.0
4339,35.0
4340,350.0
4341,355.0
4342,40.0
4343,50.0
4344,60.0
4345,65.0
4346,70.0
4347,75.0
4348,85.0
4349,95.0
4350,0.0
4351,10.0
4352,105.0
4353,110.0
4354,115.0
4355,120.0
4356,125.0
4357,130.0
4358,135.0
4359,140.0
4360,145.0
4361,15.0
4362,150.0
4363,160.0
4364,165.0
4365,170.0
4366,175.0
4367,180.0
4368,185.0
4369,190.0
4370,195.0
4371,20.0
4372,205.0
4373,220.0
4374,225.0
4375,230.0
4376,245.0
4377,25.0
4378,250.0
4379,260.0
4380,265.0
4381,275.0
4382,280.0
4383,290.0
4384,30.0
4385,300.0
4386,305.0
4387,310.0
4388,315.0
4389,330.0
4390,340.0
4391,345.0
4392,35.0
4393,40.0
4394,5.0
4395,50.0
4396,60.0
4397,65.0
4398,75.0
4399,80.0
4400,0.0
4401,100.0
4402,105.0
4403,130.0
4404,135.0
4405,150.0
4406,160.0
4407,165.0
4408,175.0
4409,185.0
4410,190.0
4411,195.0
4412,20.0
4413,200.0
4414,205.0
4415,210.0
4416,215.0
4417,225.0
4418,230.0
4419,235.0
4420,240.0
4421,245.0
4422,255.0
4423,265.0
4424,270.0
4425,275.0
4426,280.0
4427,285.0
4428,290.0
4429,295.0
4430,30.0
4431,305.0
4432,310.0
4433,315.0
4434,320.0
4435,325.0
4436,330.0
4437,340.0
4438,345.0
4439,355.0
4440,5.0
4441,50.0
4442,55.0
4443,60.0
4444,65.0
4445,70.0
4446,75.0
4447,80.0
4448,85.0
4449,95.0
4450,10.0
4451,100.0
4452,105.0
4453,110.0
4454,120.0
4455,125.0
4456,135.0
4457,165.0
4458,175.0
4459,180.0
4460,190.0
4461,195.0
4462,20.0
4463,205.0
4464,210.0
4465,215.0
4466,220.0
4467,230.0
4468,235.0
4469,240.0
4470,25.0
4471,250.0
4472,255.0
4473,260.0
4474,265.0
4475,270.0
4476,275.0
4477,285.0
4478,295.0
4479,30.0
4480,300.0
4481,310.0
4482,315.0
4483,330.0
4484,335.0
4485,340.0
4486,345.0
4487,35.0
4488,350.0
4489,355.0
4490,45.0
4491,50.0
4492,55.0
4493,60.0
4494,65.0
4495,70.0
4496,75.0
4497,80.0
4498,85.0
4499,95.0
4500,10.0
4501,100.0
4502,110.0
4503,115.0
4504,120.0
4505,125.0
4506,130.0
4507,140.0
4508,145.0
4509,15.0
4510,150.0
4511,155.0
4512,165.0
4513,170.0
4514,180.0
4515,190.0
4516,195.0
4517,20.0
4518,200.0
4519,205.0
4520,210.0
4521,215.0
4522,220.0
4523,225.0
4524,235.0
4525,240.0
4526,245.0
4527,25.0
4528,255.0
4529,265.0
4530,270.0
4531,275.0
4532,295.0
4533,30.0
4534,305.0
4535,315.0
4536,320.0
4537,325.0
4538,330.0
4539,335.0
4540,345.0
4541,350.0
4542,355.0
4543,5.0
4544,50.0
4545,55.0
4546,60.0
4547,65.0
4548,70.0
4549,85.0
4550,10.0
4551,105.0
4552,110.0
4553,115.0
4554,125.0
4555,135.0
4556,145.0
4557,150.0
4558,155.0
4559,160.0
4560,165.0
4561,170.0
4562,175.0
4563,180.0
4564,190.0
4565,20.0
4566,205.0
4567,215.0
4568,220.0
4569,225.0
4570,235.0
4571,245.0
4572,25.0
4573,250.0
4574,255.0
4575,260.0
4576,265.0
4577,275.0
4578,280.0
4579,30.0
4580,305.0
4581,310.0
4582,315.0
4583,325.0
4584,335.0
4585,340.0
4586,35.0
4587,355.0
4588,40.0
4589,45.0
4590,5.0
4591,50.0
4592,55.0
4593,60.0
4594,65.0
4595,70.0
4596,80.0
4597,85.0
4598,90.0
4599,95.0
4600,105.0
4601,115.0
4602,120.0
4603,125.0
4604,140.0
4605,145.0
4606,150.0
4607,155.0
4608,160.0
4609,165.0
4610,170.0
4611,175.0
4612,185.0
4613,190.0
4614,20.0
4615,200.0
4616,210.0
4617,215.0
4618,220.0
4619,230.0
4620,235.0
4621,245.0
4622,25.0
4623,255.0
4624,265.0
4625,275.0
4626,280.0
4627,290.0
4628,30.0
4629,300.0
4630,305.0
4631,310.0
4632,315.0
4633,320.0
4634,325.0
4635,330.0
4636,335.0
4637,340.0
4638,345.0
4639,350.0
4640,50.0
4641,55.0
4642,60.0
4643,65.0
4644,70.0
4645,75.0
4646,80.0
4647,85.0
4648,90.0
4649,95.0
4650,0.0
4651,10.0
4652,100.0
4653,105.0
4654,110.0
4655,115.0
4656,125.0
4657,130.0
4658,140.0
4659,145.0
4660,15.0
4661,150.0
4662,160.0
4663,165.0
4664,170.0
4665,180.0
4666,185.0
4667,190.0
4668,20.0
4669,205.0
4670,210.0
4671,215.0
4672,220.0
4673,225.0
4674,245.0
4675,255.0
4676,265.0
4677,270.0
4678,275.0
4679,280.0
4680,285.0
4681,290.0
4682,295.0
4683,300.0
4684,305.0
4685,310.0
4686,315.0
4687,320.0
4688,330.0
4689,335.0
4690,345.0
4691,35.0
4692,355.0
4693,40.0
4694,45.0
4695,55.0
4696,60.0
4697,80.0
4698,90.0
4699,95.0
4700,0.0
4701,10.0
4702,105.0
4703,115.0
4704,120.0
4705,125.0
4706,135.0
4707,140.0
4708,145.0
4709,15.0
4710,155.0
4711,160.0
4712,165.0
4713,175.0
4714,180.0
4715,185.0
4716,195.0
4717,20.0
4718,200.0
4719,205.0
4720,210.0
4721,215.0
4722,220.0
4723,225.0
4724,230.0
4725,235.0
4726,245.0
4727,25.0
4728,255.0
4729,265.0
4730,275.0
4731,280.0
4732,290.0
4733,300.0
4734,305.0
4735,310.0
4736,315.0
4737,325.0
4738,340.0
4739,345.0
4740,35.0
4741,350.0
4742,355.0
4743,40.0
4744,5.0
4745,50.0
4746,55.0
4747,60.0
4748,70.0
4749,95.0
4750,100.0
4751,110.0
4752,115.0
4753,120.0
4754,125.0
4755,130.0
4756,145.0
4757,15.0
4758,150.0
4759,155.0
4760,160.0
4761,170.0
4762,185.0
4763,190.0
4764,195.0
4765,20.0
4766,205.0
4767,210.0
4768,220.0
4769,225.0
4770,230.0
4771,240.0
4772,245.0
4773,25.0
4774,250.0
4775,255.0
4776,260.0
4777,275.0
4778,280.0
4779,285.0
4780,295.0
4781,300.0
4782,305.0
4783,310.0
4784,320.0
4785,325.0
4786,335.0
4787,340.0
4788,345.0
4789,350.0
4790,355.0
4791,45.0
4792,5.0
4793,50.0
4794,60.0
4795,75.0
4796,80.0
4797,85.0
4798,90.0
4799,95.0
4800,0.0
4801,10.0
4802,105.0
4803,115.0
4804,120.0
4805,125.0
4806,130.0
4807,135.0
4808,140.0
4809,145.0
4810,15.0
4811,150.0
4812,155.0
4813,160.0
4814,165.0
4815,180.0
4816,185.0
4817,190.0
4818,200.0
4819,205.0
4820,210.0
4821,215.0
4822,220.0
4823,225.0
4824,235.0
4825,25.0
4826,250.0
4827,265.0
4828,270.0
4829,285.0
4830,290.0
4831,295.0
4832,30.0
4833,305.0
4834,310.0
4835,315.0
4836,320.0
4837,335.0
4838,35.0
4839,355.0
4840,40.0
4841,5.0
4842,55.0
4843,60.0
4844,70.0
4845,75.0
4846,80.0
4847,85.0
4848,90.0
4849,95.0
4850,0.0
4851,10.0
4852,100.0
4853,110.0
4854,120.0
4855,130.0
4856,135.0
4857,140.0
4858,145.0
4859,15.0
4860,150.0
4861,160.0
4862,165.0
4863,170.0
4864,180.0
4865,190.0
4866,20.0
4867,205.0
4868,210.0
4869,220.0
4870,225.0
4871,230.0
4872,235.0
4873,245.0
4874,250.0
4875,255.0
4876,260.0
4877,270.0
4878,275.0
4879,280.0
4880,285.0
4881,290.0
4882,295.0
4883,30.0
4884,300.0
4885,305.0
4886,325.0
4887,335.0
4888,340.0
4889,345.0
4890,35.0
4891,40.0
4892,5.0
4893,50.0
4894,55.0
4895,60.0
4896,70.0
4897,75.0
4898,80.0
4899,90.0
4900,0.0
4901,10.0
4902,100.0
4903,105.0
4904,110.0
4905,125.0
4906,130.0
4907,135.0
4908,140.0
4909,145.0
4910,15.0
4911,155.0
4912,170.0
4913,185.0
4914,190.0
4915,195.0
4916,20.0
4917,205.0
4918,215.0
4919,220.0
4920,240.0
4921,245.0
4922,25.0
4923,250.0
4924,260.0
4925,265.0
4926,270.0
4927,275.0
4928,280.0
4929,295.0
4930,305.0
4931,310.0
4932,315.0
4933,320.0
4934,325.0
4935,330.0
4936,335.0
4937,340.0
4938,345.0
4939,35.0
4940,350.0
4941,355.0
4942,40.0
4943,5.0
4944,50.0
4945,60.0
4946,75.0
4947,80.0
4948,85.0
4949,95.0
4950,0.0
4951,10.0
4952,120.0
4953,130.0
4954,135.0
4955,140.0
4956,145.0
4957,150.0
4958,155.0
4959,160.0
4960,170.0
4961,175.0
4962,180.0
4963,185.0
4964,190.0
4965,20.0
4966,200.0
4967,205.0
4968,220.0
4969,230.0
4970,235.0
4971,245.0
4972,25.0
4973,255.0
4974,270.0
4975,275.0
4976,280.0
4977,285.0
4978,290.0
4979,295.0
4980,30.0
4981,300.0
4982,305.0
4983,310.0
4984,315.0
4985,320.0
4986,325.0
4987,330.0
4988,340.0
4989,35.0
4990,45.0
4991,50.0
4992,55.0
4993,60.0
4994,65.0
4995,75.0
4996,80.0
4997,85.0
4998,90.0
4999,95.0
